prof_netlinkid,prof_email,prof_name,rateMyProfID
mdadams,mdadams@ece.uvic.ca,Michael Adams,235814
panagath,panagath@ece.uvic.ca,Panajotis Agathoklis,99878
raltawy,raltawy@uvic.ca,Riham AlTawy,2807811
amiralib,amiralib@uvic.ca,Amirali Baniasadi,182635
aalbu,aalbu@ece.uvic.ca,Alexandra Branzan Albu,1275896
cai,cai@ece.uvic.ca,Lin Cai,971111
capson,capson@uvic.ca,David Capson,2178846
ecroft,ecroft@uvic.ca,Elizabeth Croft,NULL
tdarcie,tdarcie@ece.uvic.ca,Thomas Darcie,486284
xdong,xdong@ece.uvic.ca,Xiaodai Dong,733625
peterd,peterd@ece.uvic.ca,Peter Driessen,37404
fayez,fayez@uvic.ca,Fayez Gebali,37690
rgordon,rgordon@uvic.ca,Reuven Gordon,237584
agullive,agullive@ece.uvic.ca,Aaron Guilliver,36178
ilampari,ilampari@uvic.ca,Ilamparithi Thirumarai-Chelvan,1363247
kinli,kinli@uvic.ca,Kin Fun Li,37400
taolu,taolu@uvic.ca,Tao Lu,1303765
mmcguire,mmcguire@ece.uvic.ca,Michael McGuire,390979
sneville,sneville@ece.uvic.ca,Stephen Neville,234911
papadop,papadop@uvic.ca,Chris Papadopoulos,1437935
npopli,npopli@uvic.ca,Navneet Popli,2679971
deter,deter@ece.uvic.ca,Daler Rackhmatov,237585
msaidaminov,msaidaminov@uvic.ca,Makhsud Saidaminov,2961052
sanashuja,sanashuja@uvic.ca,Sana Shuja,2642406
msima,msima@ece.uvic.ca,Mihai Sima,330454
levismith,levismith@uvic.ca,Levi Smith,2754411
poman.so,poman.so@uvic.ca,Poman So,54866
itraore,itraore@ece.uvic.ca,Issa Traore,205994
hy,hy@ece.uvic.ca,Hong-Chuan Yang,598509
hausi,hausi@uvic.ca,Hausi Miller,32476
mstorey,mstorey@uvic.ca,Margaret-Anne Storey,1632382
thomo,thomo@cs.uvic.ca,Alex Thomo,472844
jens,jens@uvic.ca,Jens Weber,938112
gtzan,gtzan@cs.uvic.ca,George Tzanetakis,427878
dmg,dmg@uvic.ca,Daniel German,51206
nernst,nernst@uvic.ca,Neil Ernst,2524872
ycoady,ycoady@uvic.ca,Yvonne Coady,330726
nacenta,nacenta@uvic.ca,Miguel Nacenta,2615351
danielad,danielad@uvic.ca,Daniela Damian,933699
rbittencourt,rbittencourt@uvic.ca,Roberto Bittencourt,2926261
aestey,aestey@uvic.ca,Anthony Estey,1646646
yunlu,yunlu@uvic.ca,Yun Lu,2881459
zastre,zastre@uvic.ca,Michael Zastre,27464
